{
  "predictions": [
    {
      "bbox_xyxy": [
        138.6602020263672,
        99.83642578125,
        329.9020690917969,
        284.71038818359375
      ],
      "confidence": 0.8205418586730957,
      "class_id": 0,
      "class_name": "car"
    },
    {
      "bbox_xyxy": [
        155.36427307128906,
        201.18865966796875,
        500.0,
        373.2807312011719
      ],
      "confidence": 0.4635404944419861,
      "class_id": 1,
      "class_name": "dog"
    }
  ]
}