,respondent_id,age,satisfaction_score
respondent_id,1.0,-0.056273583127701546,0.16016178381756632
age,-0.056273583127701546,1.0,-0.7272859826531307
satisfaction_score,0.16016178381756632,-0.7272859826531307,1.0
