{
  "Id": {
    "type": "numeric",
    "count": 150,
    "mean": 75.5,
    "median": 75.5,
    "std": 43.445367992456916,
    "min": 1.0,
    "max": 150.0
  },
  "SepalLengthCm": {
    "type": "numeric",
    "count": 150,
    "mean": 5.843333333333334,
    "median": 5.8,
    "std": 0.8280661279778629,
    "min": 4.3,
    "max": 7.9
  },
  "SepalWidthCm": {
    "type": "numeric",
    "count": 150,
    "mean": 3.0540000000000003,
    "median": 3.0,
    "std": 0.4335943113621737,
    "min": 2.0,
    "max": 4.4
  },
  "PetalLengthCm": {
    "type": "numeric",
    "count": 150,
    "mean": 3.758666666666666,
    "median": 4.35,
    "std": 1.7644204199522617,
    "min": 1.0,
    "max": 6.9
  },
  "PetalWidthCm": {
    "type": "numeric",
    "count": 150,
    "mean": 1.1986666666666668,
    "median": 1.3,
    "std": 0.7631607417008414,
    "min": 0.1,
    "max": 2.5
  },
  "Species": {
    "type": "categorical",
    "count": 150,
    "unique": 3,
    "mode": "Iris-setosa"
  }
}