,temp,rainfall
temp,1.0,-0.8722383567039595
rainfall,-0.8722383567039595,1.0
